"","X.1","X","otm_file","mean","max","site","transect","season"
"1",1,1,"P/1.csv",26.6655677655678,31.5,"Island P",NA,"2017 Wet"
"2",2,2,"P/10.csv",26.7336996336996,31,"Island P",NA,"2017 Wet"
"3",3,3,"P/11.csv",26.5622710622711,31,"Island P",NA,"2017 Wet"
"4",4,4,"P/12.csv",26.4340659340659,30.5,"Island P",NA,"2017 Wet"
"5",5,5,"P/13.csv",26.3959706959707,36,"Island P",NA,"2017 Wet"
"6",6,6,"P/14.csv",26.4765567765568,32,"Island P",NA,"2017 Wet"
"7",7,7,"P/15.csv",26.5194139194139,30.5,"Island P",NA,"2017 Wet"
"8",8,8,"P/16.csv",26.8717948717949,33,"Island P",NA,"2017 Wet"
"9",9,9,"P/17.csv",26.7545787545788,31,"Island P",NA,"2017 Wet"
"10",10,10,"P/2.csv",26.7732600732601,36.5,"Island P",NA,"2017 Wet"
"11",11,11,"P/3.csv",26.4641025641026,31,"Island P",NA,"2017 Wet"
"12",12,12,"P/4.csv",26.567032967033,31.5,"Island P",NA,"2017 Wet"
"13",13,13,"P/5.csv",26.4758241758242,30.5,"Island P",NA,"2017 Wet"
"14",14,14,"P/6.csv",26.6271062271062,31.5,"Island P",NA,"2017 Wet"
"15",15,15,"P/7.csv",26.3120879120879,31.5,"Island P",NA,"2017 Wet"
"16",16,16,"P/8.csv",26.7007326007326,43.5,"Island P",NA,"2017 Wet"
"17",17,17,"P/9.csv",26.8161172161172,31.5,"Island P",NA,"2017 Wet"
"18",18,18,"P/OP1.csv",26.7390625,31.5,"Island P",NA,"2017 Wet"
"19",19,19,"P/OP10.csv",26.64296875,30.5,"Island P",NA,"2017 Wet"
"20",20,20,"P/OP11.csv",26.58828125,31,"Island P",NA,"2017 Wet"
"21",21,21,"P/OP12.csv",26.70859375,30.5,"Island P",NA,"2017 Wet"
"22",22,22,"P/OP13.csv",26.621875,32,"Island P",NA,"2017 Wet"
"23",23,23,"P/OP2.csv",26.68671875,32.5,"Island P",NA,"2017 Wet"
"24",24,24,"P/OP3.csv",26.85703125,32.5,"Island P",NA,"2017 Wet"
"25",25,25,"P/OP4.csv",26.54765625,32,"Island P",NA,"2017 Wet"
"26",26,26,"P/OP5.csv",26.83359375,31,"Island P",NA,"2017 Wet"
"27",27,27,"P/OP6.csv",26.953125,31,"Island P",NA,"2017 Wet"
"28",28,28,"P/OP7.csv",26.6625,31,"Island P",NA,"2017 Wet"
"29",29,29,"P/OP8.csv",26.421875,33.5,"Island P",NA,"2017 Wet"
"30",30,30,"P/OP9.csv",27.19375,34,"Island P",NA,"2017 Wet"
"31",31,1,"d/10.csv",25.0431602048281,29.5,"Mainland",NA,"2017 Wet"
"32",32,2,"d/10T_MAIN.csv",24.9641185647426,29.5,"Mainland",NA,"2017 Wet"
"33",33,3,"d/11T_MAIN.csv",24.5148205928237,28.5,"Mainland",NA,"2017 Wet"
"34",34,4,"d/12.csv",25.1661786237189,29,"Mainland",NA,"2017 Wet"
"35",35,5,"d/12T_MAIN.csv",24.9321372854914,28,"Mainland",NA,"2017 Wet"
"36",36,6,"d/13.csv",25.2212874908559,29,"Mainland",NA,"2017 Wet"
"37",37,7,"d/13T_MAIN.csv",24.801872074883,28.5,"Mainland",NA,"2017 Wet"
"38",38,8,"d/14.csv",24.9440380395026,29.5,"Mainland",NA,"2017 Wet"
"39",39,9,"d/14T_MAIN.csv",25.2714508580343,29,"Mainland",NA,"2017 Wet"
"40",40,10,"d/15.csv",25.6027798098025,30,"Mainland",NA,"2017 Wet"
"41",41,11,"d/15T_MAIN.csv",24.8096723868955,29,"Mainland",NA,"2017 Wet"
"42",42,12,"d/16.csv",25.1064374542794,29,"Mainland",NA,"2017 Wet"
"43",43,13,"d/17.csv",25.0296486090776,29.5,"Mainland",NA,"2017 Wet"
"44",44,14,"d/17T_MAIN.csv",25.1170046801872,29,"Mainland",NA,"2017 Wet"
"45",45,15,"d/18J_MAIN.csv",25.0539682539683,28.5,"Mainland",NA,"2017 Wet"
"46",46,16,"d/19J_MAIN.csv",24.9992063492064,28.5,"Mainland",NA,"2017 Wet"
"47",47,17,"d/1T_MAIN.csv",24.880655226209,29,"Mainland",NA,"2017 Wet"
"48",48,18,"d/2.csv",25.2994143484627,29.5,"Mainland",NA,"2017 Wet"
"49",49,19,"d/20J_MAIN.csv",25.2519500780031,29.5,"Mainland",NA,"2017 Wet"
"50",50,20,"d/2T_MAIN.csv",25.0015313935681,36,"Mainland",NA,"2017 Wet"
"51",51,21,"d/3.csv",25.1653255303584,29,"Mainland",NA,"2017 Wet"
"52",52,22,"d/3T_MAIN.csv",24.8668154761905,35.5,"Mainland",NA,"2017 Wet"
"53",53,23,"d/4.csv",25.1698389458272,29.5,"Mainland",NA,"2017 Wet"
"54",54,24,"d/4T_MAIN.csv",24.9117647058824,29,"Mainland",NA,"2017 Wet"
"55",55,25,"d/5.csv",25.0516224188791,29.5,"Mainland",NA,"2017 Wet"
"56",56,26,"d/5T_MAIN.csv",25.088143525741,29,"Mainland",NA,"2017 Wet"
"57",57,27,"d/6.csv",24.9765910753475,30,"Mainland",NA,"2017 Wet"
"58",58,28,"d/6T_MAIN.csv",25.0226209048362,29,"Mainland",NA,"2017 Wet"
"59",59,29,"d/7.csv",25.2046120058565,29.5,"Mainland",NA,"2017 Wet"
"60",60,30,"d/7T_MAIN.csv",25.3447737909516,29.5,"Mainland",NA,"2017 Wet"
"61",61,31,"d/8.csv",25.050475493782,29.5,"Mainland",NA,"2017 Wet"
"62",62,32,"d/8T_MAIN.csv",25.1872074882995,29.5,"Mainland",NA,"2017 Wet"
"63",63,33,"d/9.csv",24.9224011713031,29.5,"Mainland",NA,"2017 Wet"
"64",64,34,"d/9T_MAIN.csv",25.0351014040562,29,"Mainland",NA,"2017 Wet"
"65",65,1,"C/1.csv",26.1664206642066,31.5,"Island C",NA,"2017 Wet"
"66",66,2,"C/10.csv",26.5483394833948,31,"Island C",NA,"2017 Wet"
"67",67,3,"C/11.csv",26.2343173431734,31,"Island C",NA,"2017 Wet"
"68",68,4,"C/12.csv",26.8051660516605,32,"Island C",NA,"2017 Wet"
"69",69,5,"C/13.csv",26.1675276752768,35.5,"Island C",NA,"2017 Wet"
"70",70,6,"C/14.csv",25.966995447648,31,"Island C",NA,"2017 Wet"
"71",71,7,"C/16.csv",26.4328413284133,33.5,"Island C",NA,"2017 Wet"
"72",72,8,"C/17.csv",26.5734859675037,32.5,"Island C",NA,"2017 Wet"
"73",73,9,"C/2.csv",26.2627306273063,31.5,"Island C",NA,"2017 Wet"
"74",74,10,"C/3.csv",26.2583025830258,31,"Island C",NA,"2017 Wet"
"75",75,11,"C/4.csv",26.139852398524,36.5,"Island C",NA,"2017 Wet"
"76",76,12,"C/6.csv",26.1169741697417,31,"Island C",NA,"2017 Wet"
"77",77,13,"C/7.csv",26.5605166051661,31.5,"Island C",NA,"2017 Wet"
"78",78,14,"C/8.csv",26.3985239852399,32.5,"Island C",NA,"2017 Wet"
"79",79,15,"C/9.csv",26.350184501845,37.5,"Island C",NA,"2017 Wet"
"80",80,16,"C/KC10.csv",26.502380952381,31,"Island C",NA,"2017 Wet"
"81",81,17,"C/KC11.csv",26.8309523809524,36,"Island C",NA,"2017 Wet"
"82",82,18,"C/KC12.csv",26.4452380952381,33.5,"Island C",NA,"2017 Wet"
"83",83,19,"C/KC13.csv",26.4047619047619,30.5,"Island C",NA,"2017 Wet"
"84",84,20,"C/KC6.csv",26.6230158730159,32,"Island C",NA,"2017 Wet"
"85",85,21,"C/KC7.csv",26.8992063492063,33.5,"Island C",NA,"2017 Wet"
"86",86,22,"C/KC8.csv",26.5055555555556,32.5,"Island C",NA,"2017 Wet"
"87",87,23,"C/KC9.csv",26.384126984127,30.5,"Island C",NA,"2017 Wet"
"88",88,24,"C/SC1.csv",26.2285714285714,41,"Island C",NA,"2017 Wet"
"89",89,25,"C/SC2.csv",26.5873015873016,39,"Island C",NA,"2017 Wet"
"90",90,26,"C/SC3.csv",26.5253968253968,31,"Island C",NA,"2017 Wet"
"91",91,27,"C/SC4.csv",26.6238095238095,34,"Island C",NA,"2017 Wet"
"92",92,28,"C/SC5.csv",25.9809523809524,37.5,"Island C",NA,"2017 Wet"
"93",1,1,"d/1.csv",24.5206692913386,32.5,"Mainland",NA,"2018 Dry"
"94",2,2,"d/10.csv",24.3971456692913,31,"Mainland",NA,"2018 Dry"
"95",3,3,"d/12.csv",24.5835791543756,30.5,"Mainland",NA,"2018 Dry"
"96",4,4,"d/13.csv",24.2908464566929,30.5,"Mainland",NA,"2018 Dry"
"97",5,5,"d/14.csv",24.3646653543307,31,"Mainland",NA,"2018 Dry"
"98",6,6,"d/15.csv",24.5777559055118,33.5,"Mainland",NA,"2018 Dry"
"99",7,7,"d/16.csv",24.4945919370698,30.5,"Mainland",NA,"2018 Dry"
"100",8,8,"d/17.csv",25.0728346456693,31.5,"Mainland",NA,"2018 Dry"
"101",9,9,"d/18.csv",24.4798228346457,30,"Mainland",NA,"2018 Dry"
"102",10,10,"d/1main.csv",24.1556213017751,30,"Mainland",NA,"2018 Dry"
"103",11,11,"d/2.csv",25.0408464566929,32.5,"Mainland",NA,"2018 Dry"
"104",12,12,"d/20.csv",24.6122047244094,31,"Mainland",NA,"2018 Dry"
"105",13,13,"d/21.csv",24.4340551181102,30.5,"Mainland",NA,"2018 Dry"
"106",14,14,"d/22.csv",24.76401179941,31,"Mainland",NA,"2018 Dry"
"107",15,15,"d/23.csv",24.2076771653543,30.5,"Mainland",NA,"2018 Dry"
"108",16,16,"d/24.csv",24.4100294985251,30.5,"Mainland",NA,"2018 Dry"
"109",17,17,"d/25.csv",24.4995078740157,31,"Mainland",NA,"2018 Dry"
"110",18,18,"d/26.csv",24.6107283464567,32,"Mainland",NA,"2018 Dry"
"111",19,19,"d/27.csv",24.6520669291339,30.5,"Mainland",NA,"2018 Dry"
"112",20,20,"d/28.csv",24.7883858267717,30.5,"Mainland",NA,"2018 Dry"
"113",21,21,"d/29.csv",24.7814960629921,31,"Mainland",NA,"2018 Dry"
"114",22,22,"d/3.csv",24.5231299212598,31,"Mainland",NA,"2018 Dry"
"115",23,23,"d/30.csv",25.1161417322835,32,"Mainland",NA,"2018 Dry"
"116",24,24,"d/31.csv",24.8435039370079,35.5,"Mainland",NA,"2018 Dry"
"117",25,25,"d/32.csv",25.0295275590551,32,"Mainland",NA,"2018 Dry"
"118",26,26,"d/4.csv",24.3371062992126,30.5,"Mainland",NA,"2018 Dry"
"119",27,27,"d/5.csv",24.4306102362205,30.5,"Mainland",NA,"2018 Dry"
"120",28,28,"d/6.csv",24.7017716535433,32,"Mainland",NA,"2018 Dry"
"121",29,29,"d/7.csv",24.6170108161259,30.5,"Mainland",NA,"2018 Dry"
"122",30,30,"d/8.csv",24.6146653543307,30,"Mainland",NA,"2018 Dry"
"123",31,31,"d/9.csv",24.3331692913386,31.5,"Mainland",NA,"2018 Dry"
"124",32,1,"C/1.csv",26.8932086614173,32.5,"Island C",NA,"2018 Dry"
"125",33,2,"C/10.csv",26.5821850393701,31.5,"Island C",NA,"2018 Dry"
"126",34,3,"C/11.csv",26.3387413962635,30.5,"Island C",NA,"2018 Dry"
"127",35,4,"C/12.csv",26.7864173228346,33.5,"Island C",NA,"2018 Dry"
"128",36,5,"C/13.csv",26.7790354330709,38.5,"Island C",NA,"2018 Dry"
"129",37,6,"C/14.csv",27.0521653543307,32,"Island C",NA,"2018 Dry"
"130",38,7,"C/15.csv",26.8410433070866,32.5,"Island C",NA,"2018 Dry"
"131",39,8,"C/16.csv",26.3543307086614,31,"Island C",NA,"2018 Dry"
"132",40,9,"C/17.csv",26.9926181102362,31.5,"Island C",NA,"2018 Dry"
"133",41,10,"C/18.csv",26.9630905511811,32.5,"Island C",NA,"2018 Dry"
"134",42,11,"C/19.csv",27.0029527559055,31.5,"Island C",NA,"2018 Dry"
"135",43,12,"C/2.csv",26.4689960629921,31,"Island C",NA,"2018 Dry"
"136",44,13,"C/20.csv",26.5003144654088,31,"Island C",NA,"2018 Dry"
"137",45,14,"C/22.csv",26.5826771653543,31,"Island C",NA,"2018 Dry"
"138",46,15,"C/23.csv",26.6304133858268,32,"Island C",NA,"2018 Dry"
"139",47,16,"C/24.csv",26.2967519685039,31,"Island C",NA,"2018 Dry"
"140",48,17,"C/25.csv",26.4128937007874,31,"Island C",NA,"2018 Dry"
"141",49,18,"C/26.csv",26.3976377952756,33.5,"Island C",NA,"2018 Dry"
"142",50,19,"C/27.csv",26.5944881889764,35.5,"Island C",NA,"2018 Dry"
"143",51,20,"C/29.csv",26.683562992126,32,"Island C",NA,"2018 Dry"
"144",52,21,"C/3.csv",26.5226377952756,32.5,"Island C",NA,"2018 Dry"
"145",53,22,"C/30.csv",26.5447834645669,30.5,"Island C",NA,"2018 Dry"
"146",54,23,"C/4.csv",26.5201771653543,33,"Island C",NA,"2018 Dry"
"147",55,24,"C/5.csv",26.5629921259843,32.5,"Island C",NA,"2018 Dry"
"148",56,25,"C/6.csv",26.8444881889764,32.5,"Island C",NA,"2018 Dry"
"149",57,26,"C/7.csv",26.9596456692913,31.5,"Island C",NA,"2018 Dry"
"150",58,27,"C/8.csv",26.2125984251969,30,"Island C",NA,"2018 Dry"
"151",59,28,"C/9.csv",26.4198623402163,31,"Island C",NA,"2018 Dry"
"152",60,1,"P/1.csv",26.5669291338583,36.5,"Island P",NA,"2018 Dry"
"153",61,2,"P/10.csv",26.3056102362205,30,"Island P",NA,"2018 Dry"
"154",62,3,"P/11.csv",26.6727362204724,30.5,"Island P",NA,"2018 Dry"
"155",63,4,"P/12.csv",26.119094488189,30.5,"Island P",NA,"2018 Dry"
"156",64,5,"P/13.csv",26.2746062992126,31,"Island P",NA,"2018 Dry"
"157",65,6,"P/14.csv",26.2844488188976,31,"Island P",NA,"2018 Dry"
"158",66,7,"P/15.csv",26.2249015748031,30.5,"Island P",NA,"2018 Dry"
"159",67,8,"P/16.csv",26.3061023622047,30.5,"Island P",NA,"2018 Dry"
"160",68,9,"P/17.csv",26.5772637795276,31.5,"Island P",NA,"2018 Dry"
"161",69,10,"P/18.csv",26.5447834645669,30.5,"Island P",NA,"2018 Dry"
"162",70,11,"P/19.csv",26.2362204724409,30,"Island P",NA,"2018 Dry"
"163",71,12,"P/2.csv",26.5610236220472,32,"Island P",NA,"2018 Dry"
"164",72,13,"P/20.csv",26.6712598425197,30.5,"Island P",NA,"2018 Dry"
"165",73,14,"P/21.csv",26.5290354330709,31.5,"Island P",NA,"2018 Dry"
"166",74,15,"P/22.csv",26.2194881889764,30.5,"Island P",NA,"2018 Dry"
"167",75,16,"P/23.csv",26.4375,30.5,"Island P",NA,"2018 Dry"
"168",76,17,"P/24.csv",26.626968503937,31.5,"Island P",NA,"2018 Dry"
"169",77,18,"P/25.csv",26.6825787401575,32.5,"Island P",NA,"2018 Dry"
"170",78,19,"P/26.csv",26.5497047244094,34.5,"Island P",NA,"2018 Dry"
"171",79,20,"P/27.csv",26.3499015748031,31.5,"Island P",NA,"2018 Dry"
"172",80,21,"P/28.csv",27.0236220472441,31,"Island P",NA,"2018 Dry"
"173",81,22,"P/29.csv",26.1274606299213,32,"Island P",NA,"2018 Dry"
"174",82,23,"P/3.csv",26.5688976377953,33.5,"Island P",NA,"2018 Dry"
"175",83,24,"P/4.csv",26.5408464566929,37.5,"Island P",NA,"2018 Dry"
"176",84,25,"P/5.csv",26.4010826771654,30.5,"Island P",NA,"2018 Dry"
"177",85,26,"P/6.csv",26.5772637795276,35.5,"Island P",NA,"2018 Dry"
"178",86,27,"P/7.csv",26.322342519685,30,"Island P",NA,"2018 Dry"
"179",87,28,"P/8.csv",26.5900590551181,33,"Island P",NA,"2018 Dry"
"180",88,29,"P/9.csv",26.4399606299213,30.5,"Island P",NA,"2018 Dry"
"181",1,1,"P/0A000000442B6C21 DS1921G-F5 (P21_july2018).txt",26.0287810383747,32.5,"Island P",NA,"2018 Wet"
"182",2,2,"P/110000004424A921 DS1921G-F5 (P17_july2018).txt",25.5285149632976,31,"Island P",NA,"2018 Wet"
"183",3,3,"P/130000004424BA21 DS1921G-F5 (P23_july2018).txt",25.834085778781,31,"Island P",NA,"2018 Wet"
"184",4,4,"P/180000004408C721 DS1921G-F5 (P26_july2018).txt",25.8764108352144,31,"Island P",NA,"2018 Wet"
"185",5,5,"P/1A0000004415E821 DS1921G-F5 (P29_july2018).txt",25.6594243792325,32.5,"Island P",NA,"2018 Wet"
"186",6,6,"P/2600000044080F21 DS1921G-F5 (P7_july2018).txt",25.9073969508752,31.5,"Island P",NA,"2018 Wet"
"187",7,7,"P/51000000441DA821 DS1921G-F5 (P19_july2018).txt",25.7150112866817,31,"Island P",NA,"2018 Wet"
"188",8,8,"P/600000004419F821 DS1921G-F5 (P16_july2018).txt",25.5313205417607,30,"Island P",NA,"2018 Wet"
"189",9,9,"P/62000000440A4921 DS1921G-F5 (P15_july2018).txt",25.6769187358916,30.5,"Island P",NA,"2018 Wet"
"190",10,10,"P/6E00000043FD4521 DS1921G-F5 (P3_july2018).txt",26.3507336343115,32,"Island P",NA,"2018 Wet"
"191",11,11,"P/72000000441C0E21 DS1921G-F5 (P9_july2018).txt",26.3871331828442,31.5,"Island P",NA,"2018 Wet"
"192",12,12,"P/8B00000043F4E821 DS1921G-F5 (P28_july2018).txt",26.4901241534989,34,"Island P",NA,"2018 Wet"
"193",13,13,"P/8D00000044310B21 DS1921G-F5 (P10_july2018).txt",26.0180688876341,32,"Island P",NA,"2018 Wet"
"194",14,14,"P/90000000442B0F21 DS1921G-F5 (P4_july2018).txt",26.4517494356659,32.5,"Island P",NA,"2018 Wet"
"195",15,15,"P/9100000043FED521 DS1921G-F5 (P14_july2018).txt",25.8628668171558,30.5,"Island P",NA,"2018 Wet"
"196",16,16,"P/92000000442D4A21 DS1921G-F5 (P30_july2018).txt",26.0812641083521,31.5,"Island P",NA,"2018 Wet"
"197",17,17,"P/9700000044098621 DS1921G-F5 (P18_july2018).txt",25.8713318284424,32.5,"Island P",NA,"2018 Wet"
"198",18,18,"P/9700000044243821 DS1921G-F5 (P25_july2018).txt",26.0290632054176,30.5,"Island P",NA,"2018 Wet"
"199",19,19,"P/A90000004406C921 DS1921G-F5 (P12_july2018).txt",26.1284584980237,30.5,"Island P",NA,"2018 Wet"
"200",20,20,"P/AB00000044165321 DS1921G-F5 (P11_july2018).txt",25.9644469525959,30.5,"Island P",NA,"2018 Wet"
"201",21,21,"P/B600000044307921 DS1921G-F5 (P8_july2018).txt",25.6801242236025,30.5,"Island P",NA,"2018 Wet"
"202",22,22,"P/BA00000044094021 DS1921G-F5 (P1_july2018).txt",26.1165349887133,32,"Island P",NA,"2018 Wet"
"203",23,23,"P/BD00000044055C21 DS1921G-F5 (P13_july2018).txt",26.1131489841986,31,"Island P",NA,"2018 Wet"
"204",24,24,"P/C800000044159521 DS1921G-F5 (P6_july2018).txt",25.976002258611,32,"Island P",NA,"2018 Wet"
"205",25,25,"P/CA000000440EEC21 DS1921G-F5 (P24_july2018).txt",25.8487584650113,30.5,"Island P",NA,"2018 Wet"
"206",26,26,"P/D200000044286521 DS1921G-F5 (P20_july2018).txt",26.3345567476002,31,"Island P",NA,"2018 Wet"
"207",27,27,"P/D700000044274121 DS1921G-F5 (P27_july2018).txt",25.7847065462754,30.5,"Island P",NA,"2018 Wet"
"208",28,28,"P/D8000000441B9321 DS1921G-F5 (P5_july2018).txt",26.1722190852626,43.5,"Island P",NA,"2018 Wet"
"209",29,29,"P/F6000000441D9521 DS1921G-F5 (P2_july2018).txt",26.1902879728967,31.5,"Island P",NA,"2018 Wet"
"210",30,30,"P/F900000043F50121 DS1921G-F5 (P22_july2018).txt",26.5440180586907,33,"Island P",NA,"2018 Wet"
"211",31,1,"C/0500000044024A21 DS1921G-F5 (C19_july 2018).txt",26.5957086391869,36,"Island C",NA,"2018 Wet"
"212",32,2,"C/0B00000044000121 DS1921G-F5 (C29_july 2018).txt",26.1665725578769,37,"Island C",NA,"2018 Wet"
"213",33,3,"C/10000000441F4D21 DS1921G-F5 (C8_july2018).txt",25.9254658385093,36.5,"Island C",NA,"2018 Wet"
"214",34,4,"C/25000000440DE421 DS1921G-F5 (C21_july 2018).txt",26.2978543195935,35.5,"Island C",NA,"2018 Wet"
"215",35,5,"C/2F0000004413AC21 DS1921G-F5 (C4_july2018).txt",25.9878599661208,36.5,"Island C",NA,"2018 Wet"
"216",36,6,"C/3000000043F61521 DS1921G-F5 (C30_july 2018).txt",25.813382269904,35.5,"Island C",NA,"2018 Wet"
"217",37,7,"C/3A00000044128E21 DS1921G-F5 (C27_july 2018).txt",25.609762979684,36.5,"Island C",NA,"2018 Wet"
"218",38,8,"C/3D00000044019C21 DS1921G-F5 (C17_july2018).txt",26.4282891022021,36,"Island C",NA,"2018 Wet"
"219",39,9,"C/3D0000004424EA21 DS1921G-F5 (C22_july 2018).txt",26.1055900621118,36.5,"Island C",NA,"2018 Wet"
"220",40,10,"C/4100000043F8ED21 DS1921G-F5 (C14_july2018).txt",26.3012422360248,39.5,"Island C",NA,"2018 Wet"
"221",41,11,"C/4400000044121421 DS1921G-F5 (C9_july2018).txt",26.0087521174478,35,"Island C",NA,"2018 Wet"
"222",42,12,"C/480000004402F721 DS1921G-F5 (C2_july2018).txt",26.1321287408244,37.5,"Island C",NA,"2018 Wet"
"223",43,13,"C/4B000000441D6F21 DS1921G-F5 (C3_july2018).txt",26.042913608131,36.5,"Island C",NA,"2018 Wet"
"224",44,14,"C/5C0000004408B321 DS1921G-F5 (C5_july2018).txt",25.6891586674195,36,"Island C",NA,"2018 Wet"
"225",45,15,"C/69000000441B0321 DS1921G-F5 (C12_july2018).txt",26.8184641445511,38,"Island C",NA,"2018 Wet"
"226",46,16,"C/7800000044192C21 DS1921G-F5 (C13_july2018).txt",26.0632411067194,36,"Island C",NA,"2018 Wet"
"227",47,17,"C/880000004415C721 DS1921G-F5 (C6_july2018).txt",25.4855442176871,36.5,"Island C",NA,"2018 Wet"
"228",48,18,"C/9200000044283721 DS1921G-F5 (C15_july2018).txt",26.0753811405985,35.5,"Island C",NA,"2018 Wet"
"229",49,19,"C/9B0000004416E221 DS1921G-F5 (C18_july2018).txt",25.8105590062112,36,"Island C",NA,"2018 Wet"
"230",50,20,"C/9B00000044196521 DS1921G-F5 (C10_july2018).txt",25.7202145680407,35.5,"Island C",NA,"2018 Wet"
"231",51,21,"C/B500000044159921 DS1921G-F5 (C7_july2018).txt",26.0290796160361,34.5,"Island C",NA,"2018 Wet"
"232",52,22,"C/B900000044184621 DS1921G-F5 (C27_july 2018).txt",25.8548842461886,36,"Island C",NA,"2018 Wet"
"233",53,23,"C/BB00000044233421 DS1921G-F5 (C24_july 2018).txt",26.244920993228,35.5,"Island C",NA,"2018 Wet"
"234",54,24,"C/D600000043F97821 DS1921G-F5 (C20_july 2018).txt",26.442123094297,35,"Island C",NA,"2018 Wet"
"235",55,25,"C/D700000044195D21 DS1921G-F5 (C25_july 2018).txt",25.9133258046302,36.5,"Island C",NA,"2018 Wet"
"236",56,26,"C/F8000000442A2121 DS1921G-F5 (C23_july 2018).txt",26.2519751693002,39.5,"Island C",NA,"2018 Wet"
"237",57,27,"C/F900000043F62A21 DS1921G-F5 (C11_july2018).txt",26.1329757199322,35.5,"Island C",NA,"2018 Wet"
"238",58,1,"d/08000000441F9921 DS1921G-F5 (M2_july 2018).txt",25.0908581043186,31.5,"Mainland",NA,"2018 Wet"
"239",59,2,"d/0A0000002B8D4221 DS1921G-F5 (M27_july 2018).txt",25.043771043771,32.5,"Mainland",NA,"2018 Wet"
"240",60,3,"d/0B00000044257721 DS1921G-F5 (M31_july 2018).txt",24.804262478968,31.5,"Mainland",NA,"2018 Wet"
"241",61,4,"d/0C000000440A4B21 DS1921G-F5 (M30_july 2018).txt",24.8150224215247,31,"Mainland",NA,"2018 Wet"
"242",62,5,"d/0D0000004411A421 DS1921G-F5 (M26_july 2018).txt",24.9055493273543,31.5,"Mainland",NA,"2018 Wet"
"243",63,6,"d/17000000441DCF21 DS1921G-F5 (M10_july 2018).txt",24.7220975883343,31,"Mainland",NA,"2018 Wet"
"244",64,7,"d/1E0000004409EB21 DS1921G-F5 (M8_july 2018).txt",24.9173206278027,30.5,"Mainland",NA,"2018 Wet"
"245",65,8,"d/28000000441D8221 DS1921G-F5 (M18_july 2018).txt",24.7634529147982,31,"Mainland",NA,"2018 Wet"
"246",66,9,"d/3100000044082721 DS1921G-F5 (M9_july 2018).txt",24.3948401570387,31,"Mainland",NA,"2018 Wet"
"247",67,10,"d/3500000044278D21 DS1921G-F5 (M13_july 2018).txt",24.7442512619181,31,"Mainland",NA,"2018 Wet"
"248",68,11,"d/4E0000004419A821 DS1921G-F5 (M28_july 2018).txt",24.9598990465508,30.5,"Mainland",NA,"2018 Wet"
"249",69,12,"d/6200000044087B21 DS1921G-F5 (M3_july 2018).txt",24.4655075715087,32.5,"Mainland",NA,"2018 Wet"
"250",70,13,"d/7100000044087521 DS1921G-F5 (M1_july 2018).txt",25.1841367713004,31,"Mainland",NA,"2018 Wet"
"251",71,14,"d/7200000044013221 DS1921G-F5 (M6_july 2018).txt",24.9915919282511,31,"Mainland",NA,"2018 Wet"
"252",72,15,"d/9300000043FEC621 DS1921G-F5 (M20_july 2018).txt",24.8895739910314,31,"Mainland",NA,"2018 Wet"
"253",73,16,"d/950000004414A921 DS1921G-F5 (M22_july 2018).txt",24.7755044843049,31.5,"Mainland",NA,"2018 Wet"
"254",74,17,"d/970000004430D521 DS1921G-F5 (M17_july 2018).txt",24.752664049355,33,"Mainland",NA,"2018 Wet"
"255",75,18,"d/9E000000440F1921 DS1921G-F5 (M29_july 2018).txt",24.8158632286996,31,"Mainland",NA,"2018 Wet"
"256",76,19,"d/A200000044088D21 DS1921G-F5 (M11_july 2018).txt",24.815199102636,31,"Mainland",NA,"2018 Wet"
"257",77,20,"d/B30000002B8EB521 DS1921G-F5 (M24_july 2018).txt",25.1290684624018,31.5,"Mainland",NA,"2018 Wet"
"258",78,21,"d/B500000044263021 DS1921G-F5 (M23_july 2018).txt",25.0717488789238,32,"Mainland",NA,"2018 Wet"
"259",79,22,"d/BB00000045E41921 DS1921G-F5 (M7_july 2018).txt",25.0367152466368,31,"Mainland",NA,"2018 Wet"
"260",80,23,"d/BC000000441BCE21 DS1921G-F5 (M4_july 2018).txt",24.8295964125561,30.5,"Mainland",NA,"2018 Wet"
"261",81,24,"d/BE000000441FB921 DS1921G-F5 (M15_july 2018).txt",24.6281547952888,30.5,"Mainland",NA,"2018 Wet"
"262",82,25,"d/C20000004416E121 DS1921G-F5 (M12_july 2018).txt",24.3508968609865,31,"Mainland",NA,"2018 Wet"
"263",83,26,"d/D400000043F6EC21 DS1921G-F5 (M16_july 2018).txt",24.932136848009,31,"Mainland",NA,"2018 Wet"
"264",84,27,"d/E100000044300321 DS1921G-F5 (M19_july 2018).txt",24.9711160964666,31,"Mainland",NA,"2018 Wet"
"265",85,28,"d/E700000044103D21 DS1921G-F5 (M5_july 2018).txt",24.9655269058296,33,"Mainland",NA,"2018 Wet"
"266",86,29,"d/F400000043FE0D21 DS1921G-F5 (M21_july 2018).txt",24.709197980931,32.5,"Mainland",NA,"2018 Wet"
"267",87,30,"d/FC00000043FB3C21 DS1921G-F5 (M14_july 2018).txt",24.5316881660123,30.5,"Mainland",NA,"2018 Wet"
"268",NA,1,"/60-75 Forest/61.txt",24.8700209643606,32.5,"Mainland",5,"2019 Dry"
"269",NA,2,"/60-75 Forest/62.txt",24.7042954426401,32,"Mainland",5,"2019 Dry"
"270",NA,3,"/60-75 Forest/63.txt",24.7042954426401,32,"Mainland",5,"2019 Dry"
"271",NA,4,"/60-75 Forest/64.txt",24.7042954426401,32,"Mainland",5,"2019 Dry"
"272",NA,5,"/60-75 Forest/65.txt",24.7042954426401,32,"Mainland",5,"2019 Dry"
"273",NA,6,"/60-75 Forest/66.txt",27.2659853249476,32,"Mainland",5,"2019 Dry"
"274",NA,7,"/60-75 Forest/67.txt",24.7042954426401,32,"Mainland",5,"2019 Dry"
"275",NA,8,"/60-75 Forest/68.txt",24.7042954426401,32,"Mainland",5,"2019 Dry"
"276",NA,9,"/60-75 Forest/69.txt",24.7042954426401,32,"Mainland",5,"2019 Dry"
"277",NA,10,"/60-75 Forest/70.txt",24.8700209643606,32.5,"Mainland",5,"2019 Dry"
"278",NA,11,"/60-75 Forest/71.txt",24.7042954426401,32,"Mainland",5,"2019 Dry"
"279",NA,12,"/60-75 Forest/72.txt",27.2659853249476,32,"Mainland",5,"2019 Dry"
"280",NA,13,"/60-75 Forest/73.txt",24.7042954426401,32,"Mainland",5,"2019 Dry"
"281",NA,14,"/60-75 Forest/74.txt",24.7042954426401,32,"Mainland",5,"2019 Dry"
"282",NA,15,"/60-75 Forest/75.txt",24.8700209643606,32.5,"Mainland",5,"2019 Dry"
"283",NA,16,"/46-60 Road/46.txt",26.54150390625,30.5,"Mainland",4,"2019 Dry"
"284",NA,17,"/46-60 Road/47.txt",25.2180628272251,34.5,"Mainland",4,"2019 Dry"
"285",NA,18,"/46-60 Road/48.txt",24.8609947643979,38.5,"Mainland",4,"2019 Dry"
"286",NA,19,"/46-60 Road/49.txt",24.3018867924528,32.5,"Mainland",4,"2019 Dry"
"287",NA,20,"/46-60 Road/50.txt",24.6029874213836,34.5,"Mainland",4,"2019 Dry"
"288",NA,21,"/46-60 Road/51.txt",24.4986897274633,33,"Mainland",4,"2019 Dry"
"289",NA,22,"/46-60 Road/52.txt",25.029057591623,36.5,"Mainland",4,"2019 Dry"
"290",NA,23,"/46-60 Road/53.txt",25.3375262054507,36,"Mainland",4,"2019 Dry"
"291",NA,24,"/46-60 Road/54.txt",25.0927672955975,40.5,"Mainland",4,"2019 Dry"
"292",NA,25,"/46-60 Road/55.txt",26.54150390625,30.5,"Mainland",4,"2019 Dry"
"293",NA,26,"/46-60 Road/56.txt",25.3249475890985,49,"Mainland",4,"2019 Dry"
"294",NA,27,"/46-60 Road/57.txt",25.0146750524109,38.5,"Mainland",4,"2019 Dry"
"295",NA,28,"/46-60 Road/58.txt",24.7520964360587,40.5,"Mainland",4,"2019 Dry"
"296",NA,29,"/46-60 Road/59.txt",25.2683246073298,39,"Mainland",4,"2019 Dry"
"297",NA,30,"/46-60 Road/60.txt",25.435534591195,38,"Mainland",4,"2019 Dry"
"298",NA,31,"/30-45 Road/31.txt",25.0379779989523,35,"Mainland",3,"2019 Dry"
"299",NA,32,"/30-45 Road/32.txt",25.138147566719,37.5,"Mainland",3,"2019 Dry"
"300",NA,33,"/30-45 Road/33.txt",25.4055468341183,35,"Mainland",3,"2019 Dry"
"301",NA,34,"/30-45 Road/34.txt",26.1310299869622,38,"Mainland",3,"2019 Dry"
"302",NA,35,"/30-45 Road/35.txt",25.0661957090529,38.5,"Mainland",3,"2019 Dry"
"303",NA,36,"/30-45 Road/36.txt",24.9481946624804,35,"Mainland",3,"2019 Dry"
"304",NA,37,"/30-45 Road/37.txt",24.9638743455497,35.5,"Mainland",3,"2019 Dry"
"305",NA,38,"/30-45 Road/38.txt",24.4055468341183,37,"Mainland",3,"2019 Dry"
"306",NA,39,"/30-45 Road/39.txt",24.0778625954198,30,"Mainland",3,"2019 Dry"
"307",NA,40,"/30-45 Road/40.txt",25.018315018315,38,"Mainland",3,"2019 Dry"
"308",NA,41,"/30-45 Road/41.txt",24.7484293193717,34.5,"Mainland",3,"2019 Dry"
"309",NA,42,"/30-45 Road/44.txt",25.2271062271062,37,"Mainland",3,"2019 Dry"
"310",NA,43,"/16-30 Forest/16.txt",25.520942408377,38,"Mainland",2,"2019 Dry"
"311",NA,44,"/16-30 Forest/17.txt",25.2680628272251,36,"Mainland",2,"2019 Dry"
"312",NA,45,"/16-30 Forest/18.txt",24.6128272251309,36,"Mainland",2,"2019 Dry"
"313",NA,46,"/16-30 Forest/19.txt",25.0942408376963,35,"Mainland",2,"2019 Dry"
"314",NA,47,"/16-30 Forest/20.txt",24.7552356020942,34,"Mainland",2,"2019 Dry"
"315",NA,48,"/16-30 Forest/21.txt",24.9746073298429,37,"Mainland",2,"2019 Dry"
"316",NA,49,"/16-30 Forest/22.txt",25.0293193717277,33.5,"Mainland",2,"2019 Dry"
"317",NA,50,"/16-30 Forest/23.txt",24.6806282722513,33,"Mainland",2,"2019 Dry"
"318",NA,51,"/16-30 Forest/24.txt",24.7431937172775,32.5,"Mainland",2,"2019 Dry"
"319",NA,52,"/16-30 Forest/25.txt",25.1740837696335,33,"Mainland",2,"2019 Dry"
"320",NA,53,"/16-30 Forest/26.txt",24.9764397905759,35,"Mainland",2,"2019 Dry"
"321",NA,54,"/16-30 Forest/27.txt",25.1703296703297,32.5,"Mainland",2,"2019 Dry"
"322",NA,55,"/16-30 Forest/28.txt",25.2598116169545,32.5,"Mainland",2,"2019 Dry"
"323",NA,56,"/16-30 Forest/29.txt",25.0020942408377,33.5,"Mainland",2,"2019 Dry"
"324",NA,57,"/16-30 Forest/30.txt",24.9259162303665,34,"Mainland",2,"2019 Dry"
"325",NA,58,"/1-15 Forest/1.txt",24.7977998952331,33,"Mainland",1,"2019 Dry"
"326",NA,59,"/1-15 Forest/10.txt",25.4698952879581,35,"Mainland",1,"2019 Dry"
"327",NA,60,"/1-15 Forest/11.txt",24.647983237297,31.5,"Mainland",1,"2019 Dry"
"328",NA,61,"/1-15 Forest/12.txt",24.6837696335079,32,"Mainland",1,"2019 Dry"
"329",NA,62,"/1-15 Forest/13.txt",25.0123036649215,33.5,"Mainland",1,"2019 Dry"
"330",NA,63,"/1-15 Forest/14.txt",25.5914091147197,35,"Mainland",1,"2019 Dry"
"331",NA,64,"/1-15 Forest/15.txt",25.1594240837696,35.5,"Mainland",1,"2019 Dry"
"332",NA,65,"/1-15 Forest/2.txt",25.4544502617801,48,"Mainland",1,"2019 Dry"
"333",NA,66,"/1-15 Forest/3.txt",24.8879587894398,34,"Mainland",1,"2019 Dry"
"334",NA,67,"/1-15 Forest/4.txt",25.2602094240838,34.5,"Mainland",1,"2019 Dry"
"335",NA,68,"/1-15 Forest/5.txt",24.7052356020942,38,"Mainland",1,"2019 Dry"
"336",NA,69,"/1-15 Forest/6.txt",25.1583769633508,35,"Mainland",1,"2019 Dry"
"337",NA,70,"/1-15 Forest/7.txt",24.8821372446307,31.5,"Mainland",1,"2019 Dry"
"338",NA,71,"/1-15 Forest/8.txt",24.9832460732984,32,"Mainland",1,"2019 Dry"
"339",NA,72,"/1-15 Forest/9.txt",24.8016247379455,30.5,"Mainland",1,"2019 Dry"
"340",NA,73,"/1.txt",24.8700209643606,32.5,"Island D",NA,"2019 Dry"
"341",NA,74,"/10.txt",24.8700209643606,32.5,"Island D",NA,"2019 Dry"
"342",NA,75,"/11.txt",24.8700209643606,32.5,"Island D",NA,"2019 Dry"
"343",NA,76,"/12.txt",24.8700209643606,32.5,"Island D",NA,"2019 Dry"
"344",NA,77,"/13.txt",24.8700209643606,32.5,"Island D",NA,"2019 Dry"
"345",NA,78,"/14.txt",24.8700209643606,32.5,"Island D",NA,"2019 Dry"
"346",NA,79,"/15.txt",24.8700209643606,32.5,"Island D",NA,"2019 Dry"
"347",NA,80,"/16.txt",24.8700209643606,32.5,"Island D",NA,"2019 Dry"
"348",NA,81,"/17.txt",24.8700209643606,32.5,"Island D",NA,"2019 Dry"
"349",NA,82,"/18.txt",24.8700209643606,32.5,"Island D",NA,"2019 Dry"
"350",NA,83,"/19.txt",24.8700209643606,32.5,"Island D",NA,"2019 Dry"
"351",NA,84,"/2.txt",24.8700209643606,32.5,"Island D",NA,"2019 Dry"
"352",NA,85,"/20.txt",24.8700209643606,32.5,"Island D",NA,"2019 Dry"
"353",NA,86,"/21.txt",24.8700209643606,32.5,"Island D",NA,"2019 Dry"
"354",NA,87,"/22.txt",24.8700209643606,32.5,"Island D",NA,"2019 Dry"
"355",NA,88,"/23.txt",24.8700209643606,32.5,"Island D",NA,"2019 Dry"
"356",NA,89,"/24.txt",24.8700209643606,32.5,"Island D",NA,"2019 Dry"
"357",NA,90,"/25.txt",24.8700209643606,32.5,"Island D",NA,"2019 Dry"
"358",NA,91,"/3.txt",24.8700209643606,32.5,"Island D",NA,"2019 Dry"
"359",NA,92,"/4.txt",24.8700209643606,32.5,"Island D",NA,"2019 Dry"
"360",NA,93,"/5.txt",24.8700209643606,32.5,"Island D",NA,"2019 Dry"
"361",NA,94,"/6.txt",24.8700209643606,32.5,"Island D",NA,"2019 Dry"
"362",NA,95,"/7.txt",24.8700209643606,32.5,"Island D",NA,"2019 Dry"
"363",NA,96,"/8.txt",24.8700209643606,32.5,"Island D",NA,"2019 Dry"
"364",NA,97,"/9.txt",24.8700209643606,32.5,"Island D",NA,"2019 Dry"
"365",NA,98,"/Island D - Nov 2017 #12.txt",26.54150390625,30.5,"Island D",NA,"2019 Dry"
"366",NA,99,"/040000002B731D21-22.txt",27.792714884696,47.5,"Island F",NA,"2019 Dry"
"367",NA,100,"/1.txt",27.2659853249476,32,"Island F",NA,"2019 Dry"
"368",NA,101,"/10.txt",27.8755893137768,42,"Island F",NA,"2019 Dry"
"369",NA,102,"/12.txt",27.8249475890985,35.5,"Island F",NA,"2019 Dry"
"370",NA,103,"/14.txt",27.2659853249476,32,"Island F",NA,"2019 Dry"
"371",NA,104,"/15.txt",27.3553459119497,40.5,"Island F",NA,"2019 Dry"
"372",NA,105,"/16.txt",27.3084381551363,42.5,"Island F",NA,"2019 Dry"
"373",NA,106,"/17.txt",27.2659853249476,32,"Island F",NA,"2019 Dry"
"374",NA,107,"/18.txt",27.2659853249476,32,"Island F",NA,"2019 Dry"
"375",NA,108,"/19.txt",27.7865374541645,42.5,"Island F",NA,"2019 Dry"
"376",NA,109,"/2.txt",26.8171817705605,37.5,"Island F",NA,"2019 Dry"
"377",NA,110,"/24.txt",26.8731656184486,32,"Island F",NA,"2019 Dry"
"378",NA,111,"/25.txt",27.3187532739654,37.5,"Island F",NA,"2019 Dry"
"379",NA,112,"/3.txt",27.2659853249476,32,"Island F",NA,"2019 Dry"
"380",NA,113,"/4.txt",27.2659853249476,32,"Island F",NA,"2019 Dry"
"381",NA,114,"/5.txt",27.2659853249476,32,"Island F",NA,"2019 Dry"
"382",NA,115,"/560000002B748B21-11.txt",27.4308176100629,38.5,"Island F",NA,"2019 Dry"
"383",NA,116,"/6.txt",27.5149292823468,38,"Island F",NA,"2019 Dry"
"384",NA,117,"/7.txt",27.3208486118387,38.5,"Island F",NA,"2019 Dry"
"385",NA,118,"/750000003097C921-23.txt",27.0579140461216,34,"Island F",NA,"2019 Dry"
"386",NA,119,"/7E0000002B95C621 -20.txt",27.2812991094814,38.5,"Island F",NA,"2019 Dry"
"387",NA,120,"/8.txt",28.1249345206915,39.5,"Island F",NA,"2019 Dry"
"388",NA,121,"/9.txt",27.2659853249476,32,"Island F",NA,"2019 Dry"
"389",NA,122,"/1.txt",27.2105814562598,35,"Island J",NA,"2019 Dry"
"390",NA,123,"/10.txt",27.1520942408377,37.5,"Island J",NA,"2019 Dry"
"391",NA,124,"/11.txt",27.406495547407,35.5,"Island J",NA,"2019 Dry"
"392",NA,125,"/12.txt",26.9081151832461,37,"Island J",NA,"2019 Dry"
"393",NA,126,"/13.txt",27.0002617801047,36.5,"Island J",NA,"2019 Dry"
"394",NA,127,"/14.txt",27.180890052356,37,"Island J",NA,"2019 Dry"
"395",NA,128,"/15.txt",27.2606076479832,37,"Island J",NA,"2019 Dry"
"396",NA,129,"/16.txt",27.5405971712939,34,"Island J",NA,"2019 Dry"
"397",NA,130,"/17.txt",27.1591623036649,40,"Island J",NA,"2019 Dry"
"398",NA,131,"/18.txt",27.0651832460733,37,"Island J",NA,"2019 Dry"
"399",NA,132,"/19.txt",27.2684651650079,36.5,"Island J",NA,"2019 Dry"
"400",NA,133,"/2.txt",27.5081151832461,43.5,"Island J",NA,"2019 Dry"
"401",NA,134,"/20.txt",27.1476439790576,36,"Island J",NA,"2019 Dry"
"402",NA,135,"/22.txt",27.030644316396,35.5,"Island J",NA,"2019 Dry"
"403",NA,136,"/23.txt",27.705497382199,37.5,"Island J",NA,"2019 Dry"
"404",NA,137,"/24.txt",27.255497382199,37,"Island J",NA,"2019 Dry"
"405",NA,138,"/25.txt",27.3496595075956,37,"Island J",NA,"2019 Dry"
"406",NA,139,"/3.txt",27.4,38,"Island J",NA,"2019 Dry"
"407",NA,140,"/4.txt",27.1456259821896,38.5,"Island J",NA,"2019 Dry"
"408",NA,141,"/5.txt",27.2572027239392,48.5,"Island J",NA,"2019 Dry"
"409",NA,142,"/6.txt",26.9800942902043,37.5,"Island J",NA,"2019 Dry"
"410",NA,143,"/7.txt",26.8834468308015,36.5,"Island J",NA,"2019 Dry"
"411",NA,144,"/8.txt",27.3175392670157,36.5,"Island J",NA,"2019 Dry"
"412",NA,145,"/1.txt",27.7149214659686,42.5,"Island O",NA,"2019 Dry"
"413",NA,146,"/11.txt",26.8714659685864,34,"Island O",NA,"2019 Dry"
"414",NA,147,"/12.txt",27.35,39,"Island O",NA,"2019 Dry"
"415",NA,148,"/13.txt",27.4408686551544,35.5,"Island O",NA,"2019 Dry"
"416",NA,149,"/14.txt",27.5476439790576,41.5,"Island O",NA,"2019 Dry"
"417",NA,150,"/15.txt",27.3319371727749,38,"Island O",NA,"2019 Dry"
"418",NA,151,"/16.txt",27.1285340314136,37,"Island O",NA,"2019 Dry"
"419",NA,152,"/17.txt",26.9638743455497,34.5,"Island O",NA,"2019 Dry"
"420",NA,153,"/18.txt",27.2437172774869,35,"Island O",NA,"2019 Dry"
"421",NA,154,"/19.txt",27.2505235602094,44,"Island O",NA,"2019 Dry"
"422",NA,155,"/2.txt",27.8251308900524,42,"Island O",NA,"2019 Dry"
"423",NA,156,"/20.txt",27.5871727748691,39.5,"Island O",NA,"2019 Dry"
"424",NA,157,"/21.txt",27.1473821989529,37,"Island O",NA,"2019 Dry"
"425",NA,158,"/22.txt",26.7235602094241,34.5,"Island O",NA,"2019 Dry"
"426",NA,159,"/24.txt",28.0410994764398,52.5,"Island O",NA,"2019 Dry"
"427",NA,160,"/25.txt",26.7235602094241,34.5,"Island O",NA,"2019 Dry"
"428",NA,161,"/3.txt",27.7434554973822,34.5,"Island O",NA,"2019 Dry"
"429",NA,162,"/4.txt",27.3390894819466,38.5,"Island O",NA,"2019 Dry"
"430",NA,163,"/5.txt",27.0832025117739,35.5,"Island O",NA,"2019 Dry"
"431",NA,164,"/6.txt",26.8714659685864,34,"Island O",NA,"2019 Dry"
"432",NA,165,"/7.txt",27.4630890052356,42,"Island O",NA,"2019 Dry"
"433",NA,166,"/8.txt",27.5513089005236,35,"Island O",NA,"2019 Dry"
"434",NA,167,"/9.txt",27.1374345549738,36,"Island O",NA,"2019 Dry"
"435",NA,168,"/1.txt",27.301832460733,42,"Island P",NA,"2019 Dry"
"436",NA,169,"/10.txt",26.8929319371728,43,"Island P",NA,"2019 Dry"
"437",NA,170,"/11.txt",26.7010471204188,46,"Island P",NA,"2019 Dry"
"438",NA,171,"/12.txt",27.2078534031414,45,"Island P",NA,"2019 Dry"
"439",NA,172,"/13.txt",26.5075916230366,38.5,"Island P",NA,"2019 Dry"
"440",NA,173,"/14.txt",27.0591623036649,36.5,"Island P",NA,"2019 Dry"
"441",NA,174,"/15.txt",26.8662303664921,46.5,"Island P",NA,"2019 Dry"
"442",NA,175,"/16.txt",26.9769633507853,37.5,"Island P",NA,"2019 Dry"
"443",NA,176,"/17.txt",27.3188481675393,47,"Island P",NA,"2019 Dry"
"444",NA,177,"/18.txt",26.8034031413613,44.5,"Island P",NA,"2019 Dry"
"445",NA,178,"/19.txt",27.2547120418848,40,"Island P",NA,"2019 Dry"
"446",NA,179,"/2.txt",27.3280104712042,36.5,"Island P",NA,"2019 Dry"
"447",NA,180,"/20.txt",27.6096858638743,43.5,"Island P",NA,"2019 Dry"
"448",NA,181,"/21.txt",27.0442408376963,42,"Island P",NA,"2019 Dry"
"449",NA,182,"/22.txt",26.5866492146597,85,"Island P",NA,"2019 Dry"
"450",NA,183,"/23.txt",27.4277486910995,46,"Island P",NA,"2019 Dry"
"451",NA,184,"/24.txt",26.8109947643979,43,"Island P",NA,"2019 Dry"
"452",NA,185,"/25.txt",27.301832460733,42,"Island P",NA,"2019 Dry"
"453",NA,186,"/3.txt",27.0829842931937,37,"Island P",NA,"2019 Dry"
"454",NA,187,"/4.txt",27.2293193717277,36.5,"Island P",NA,"2019 Dry"
"455",NA,188,"/5.txt",26.9232984293194,41.5,"Island P",NA,"2019 Dry"
"456",NA,189,"/6.txt",26.834554973822,38.5,"Island P",NA,"2019 Dry"
"457",NA,190,"/7.txt",27.0020942408377,44,"Island P",NA,"2019 Dry"
"458",NA,191,"/8.txt",26.6455497382199,43.5,"Island P",NA,"2019 Dry"
"459",NA,192,"/9 maybe.txt",26.8607329842932,38.5,"Island P",NA,"2019 Dry"
"460",NA,193,"/1.txt",26.9872262773723,35,"Island S",NA,"2019 Dry"
"461",NA,194,"/10.txt",26.6976016684046,34.5,"Island S",NA,"2019 Dry"
"462",NA,195,"/11.txt",27.0450990615224,36.5,"Island S",NA,"2019 Dry"
"463",NA,196,"/12.txt",28.3626173096976,50,"Island S",NA,"2019 Dry"
"464",NA,197,"/13.txt",26.9778415015641,37,"Island S",NA,"2019 Dry"
"465",NA,198,"/14.txt",27.0018248175182,36.5,"Island S",NA,"2019 Dry"
"466",NA,199,"/15.txt",26.9413451511992,38,"Island S",NA,"2019 Dry"
"467",NA,200,"/16.txt",27.5448383733055,41.5,"Island S",NA,"2019 Dry"
"468",NA,201,"/17.txt",27.0013034410845,40.5,"Island S",NA,"2019 Dry"
"469",NA,202,"/18.txt",27.4384775808133,40.5,"Island S",NA,"2019 Dry"
"470",NA,203,"/19.txt",27.1801355578728,41.5,"Island S",NA,"2019 Dry"
"471",NA,204,"/2.txt",27.2638164754953,38.5,"Island S",NA,"2019 Dry"
"472",NA,205,"/20.txt",27.8534932221064,49.5,"Island S",NA,"2019 Dry"
"473",NA,206,"/21.txt",27.8143899895725,42.5,"Island S",NA,"2019 Dry"
"474",NA,207,"/22.txt",27.5722106360792,46,"Island S",NA,"2019 Dry"
"475",NA,208,"/23.txt",27.2510427528676,45.5,"Island S",NA,"2019 Dry"
"476",NA,209,"/24.txt",27.5823774765381,39.5,"Island S",NA,"2019 Dry"
"477",NA,210,"/25.txt",27.4434306569343,41,"Island S",NA,"2019 Dry"
"478",NA,211,"/3.txt",26.827685088634,36,"Island S",NA,"2019 Dry"
"479",NA,212,"/4.txt",27.0255474452555,35,"Island S",NA,"2019 Dry"
"480",NA,213,"/5.txt",27.3096976016684,37,"Island S",NA,"2019 Dry"
"481",NA,214,"/6.txt",27.2447862356621,35.5,"Island S",NA,"2019 Dry"
"482",NA,215,"/7.txt",26.7823253388947,39.5,"Island S",NA,"2019 Dry"
"483",NA,216,"/8.txt",27.0951511991658,36.5,"Island S",NA,"2019 Dry"
"484",NA,217,"/9.txt",26.6074035453597,36,"Island S",NA,"2019 Dry"
"485",NA,218,"/1.txt",27.1737089201878,36.5,"Island T",NA,"2019 Dry"
"486",NA,219,"/10.txt",27.2969238790407,36,"Island T",NA,"2019 Dry"
"487",NA,220,"/11.txt",26.9895670318206,39,"Island T",NA,"2019 Dry"
"488",NA,221,"/12.txt",27.2304483837331,37,"Island T",NA,"2019 Dry"
"489",NA,222,"/13.txt",26.9074074074074,39,"Island T",NA,"2019 Dry"
"490",NA,223,"/14.txt",27.0166927490871,37.5,"Island T",NA,"2019 Dry"
"491",NA,224,"/15.txt",27.0414494264859,36.5,"Island T",NA,"2019 Dry"
"492",NA,225,"/16.txt",26.8216892596455,36.5,"Island T",NA,"2019 Dry"
"493",NA,226,"/17.txt",27.2848200312989,37.5,"Island T",NA,"2019 Dry"
"494",NA,227,"/18.txt",27.3539384454877,38,"Island T",NA,"2019 Dry"
"495",NA,228,"/19.txt",27.1465067778936,41.5,"Island T",NA,"2019 Dry"
"496",NA,229,"/2.txt",27.6262389149713,37,"Island T",NA,"2019 Dry"
"497",NA,230,"/20.txt",27.1340636411059,38,"Island T",NA,"2019 Dry"
"498",NA,231,"/21.txt",26.9256651017214,34.5,"Island T",NA,"2019 Dry"
"499",NA,232,"/22.txt",27.1238914971309,37,"Island T",NA,"2019 Dry"
"500",NA,233,"/23.txt",27.7086593635889,37.5,"Island T",NA,"2019 Dry"
"501",NA,234,"/24.txt",27.0938477580813,36.5,"Island T",NA,"2019 Dry"
"502",NA,235,"/25.txt",27.9353155972874,38.5,"Island T",NA,"2019 Dry"
"503",NA,236,"/3.txt",27.5294577685089,38,"Island T",NA,"2019 Dry"
"504",NA,237,"/4.txt",27.0797705943691,37,"Island T",NA,"2019 Dry"
"505",NA,238,"/5.txt",27.7647365675535,38,"Island T",NA,"2019 Dry"
"506",NA,239,"/7.txt",27.8570683359416,37,"Island T",NA,"2019 Dry"
"507",NA,240,"/8.txt",27.1600625651721,35.5,"Island T",NA,"2019 Dry"
"508",NA,241,"/9.txt",27.5516162669447,48,"Island T",NA,"2019 Dry"
"509",NA,242,"/76-90 Forest/68.txt",24.4837781266353,36.5,"Mainland",6,"2019 Dry"
"510",NA,243,"/76-90 Forest/76.txt",24.6347462061748,35.5,"Mainland",6,"2019 Dry"
"511",NA,244,"/76-90 Forest/78.txt",25.1175392670157,35,"Mainland",6,"2019 Dry"
"512",NA,245,"/76-90 Forest/79.txt",24.645473574045,35.5,"Mainland",6,"2019 Dry"
"513",NA,246,"/76-90 Forest/80.txt",25.0405546834118,34,"Mainland",6,"2019 Dry"
"514",NA,247,"/76-90 Forest/81.txt",24.9965986394558,34.5,"Mainland",6,"2019 Dry"
"515",NA,248,"/76-90 Forest/82.txt",24.8947643979058,35.5,"Mainland",6,"2019 Dry"
"516",NA,249,"/76-90 Forest/83.txt",25.2157068062827,35.5,"Mainland",6,"2019 Dry"
"517",NA,250,"/76-90 Forest/84.txt",25.0442408376963,34,"Mainland",6,"2019 Dry"
"518",NA,251,"/76-90 Forest/85.txt",24.8230366492147,34,"Mainland",6,"2019 Dry"
"519",NA,252,"/76-90 Forest/86.txt",25.0714659685864,34,"Mainland",6,"2019 Dry"
"520",NA,253,"/76-90 Forest/88.txt",24.9107329842932,35,"Mainland",6,"2019 Dry"
"521",NA,254,"/76-90 Forest/89.txt",24.9615183246073,36,"Mainland",6,"2019 Dry"
"522",NA,255,"/76-90 Forest/90.txt",25.3523560209424,35,"Mainland",6,"2019 Dry"
"523",NA,256,"/1.txt",26.7936425221469,38,"Island C",NA,"2019 Dry"
"524",NA,257,"/10.txt",27.2632950990615,36.5,"Island C",NA,"2019 Dry"
"525",NA,258,"/11.txt",27.126173096976,35.5,"Island C",NA,"2019 Dry"
"526",NA,259,"/12.txt",27.4765502866076,34.5,"Island C",NA,"2019 Dry"
"527",NA,260,"/13.txt",27.155370177268,36,"Island C",NA,"2019 Dry"
"528",NA,261,"/14.txt",26.9032846715328,35.5,"Island C",NA,"2019 Dry"
"529",NA,262,"/15.txt",26.9645464025026,37,"Island C",NA,"2019 Dry"
"530",NA,263,"/16.txt",26.9366527632951,37.5,"Island C",NA,"2019 Dry"
"531",NA,264,"/17.txt",27.2399687337155,41,"Island C",NA,"2019 Dry"
"532",NA,265,"/18.txt",26.7071391349661,34,"Island C",NA,"2019 Dry"
"533",NA,266,"/2.txt",27.1010943199583,32.5,"Island C",NA,"2019 Dry"
"534",NA,267,"/20.txt",26.9700364773319,35,"Island C",NA,"2019 Dry"
"535",NA,268,"/21.txt",26.8634705575821,33,"Island C",NA,"2019 Dry"
"536",NA,269,"/22.txt",26.6720542231491,36.5,"Island C",NA,"2019 Dry"
"537",NA,270,"/23.txt",27.4389989572471,37.5,"Island C",NA,"2019 Dry"
"538",NA,271,"/24.txt",NA,-Inf,"Island C",NA,"2019 Dry"
"539",NA,272,"/25.txt",27.0872850442939,34,"Island C",NA,"2019 Dry"
"540",NA,273,"/3.txt",26.8229927007299,38.5,"Island C",NA,"2019 Dry"
"541",NA,274,"/4.txt",26.9033350703491,40,"Island C",NA,"2019 Dry"
"542",NA,275,"/5.txt",26.9074556830031,35.5,"Island C",NA,"2019 Dry"
"543",NA,276,"/6.txt",26.7436164669098,36.5,"Island C",NA,"2019 Dry"
"544",NA,277,"/7.txt",26.8757165190203,32.5,"Island C",NA,"2019 Dry"
"545",NA,278,"/8.txt",26.8261209593326,39.5,"Island C",NA,"2019 Dry"
"546",NA,279,"/9.txt",26.9325169359041,32,"Island C",NA,"2019 Dry"
"547",1,1,"P/1.txt",26.5008361204013,32.5,"Island P",NA,"2019 Wet"
"548",2,2,"P/10.txt",26.742474916388,32,"Island P",NA,"2019 Wet"
"549",3,3,"P/11.txt",26.9955406911929,35.5,"Island P",NA,"2019 Wet"
"550",4,4,"P/12.txt",27.0721448467967,32,"Island P",NA,"2019 Wet"
"551",5,5,"P/13.txt",27.1038997214485,33,"Island P",NA,"2019 Wet"
"552",6,6,"P/14.txt",26.7132107023411,34.5,"Island P",NA,"2019 Wet"
"553",7,7,"P/15.txt",26.891643454039,44.5,"Island P",NA,"2019 Wet"
"554",8,8,"P/16.txt",26.9961002785515,32,"Island P",NA,"2019 Wet"
"555",9,9,"P/17.txt",26.6401895206243,37.5,"Island P",NA,"2019 Wet"
"556",10,10,"P/18.txt",26.5309192200557,33.5,"Island P",NA,"2019 Wet"
"557",11,11,"P/19.txt",26.7098662207358,31.5,"Island P",NA,"2019 Wet"
"558",12,12,"P/2.txt",26.6398328690808,31.5,"Island P",NA,"2019 Wet"
"559",13,13,"P/20.txt",27.149582172702,33,"Island P",NA,"2019 Wet"
"560",14,14,"P/3.txt",26.4214046822742,31.5,"Island P",NA,"2019 Wet"
"561",15,15,"P/4.txt",26.8394648829431,32,"Island P",NA,"2019 Wet"
"562",16,16,"P/5.txt",26.819397993311,35,"Island P",NA,"2019 Wet"
"563",17,17,"P/6.txt",26.6242339832869,33,"Island P",NA,"2019 Wet"
"564",18,18,"P/7.txt",26.3264623955432,37.5,"Island P",NA,"2019 Wet"
"565",19,19,"P/8.txt",26.5877437325905,32.5,"Island P",NA,"2019 Wet"
"566",20,20,"P/9.txt",26.6858974358974,32.5,"Island P",NA,"2019 Wet"
"567",21,1,"C/1.txt",26.5863991081382,38,"Island C",NA,"2019 Wet"
"568",22,2,"C/10.txt",26.9947045707915,38,"Island C",NA,"2019 Wet"
"569",23,3,"C/11.txt",26.3643454038997,37.5,"Island C",NA,"2019 Wet"
"570",24,4,"C/12.txt",26.4841137123746,42,"Island C",NA,"2019 Wet"
"571",25,5,"C/13.txt",26.4751950947603,39,"Island C",NA,"2019 Wet"
"572",26,6,"C/14.txt",26.6465181058496,37.5,"Island C",NA,"2019 Wet"
"573",27,7,"C/15.txt",26.7883008356546,37.5,"Island C",NA,"2019 Wet"
"574",28,8,"C/16.txt",26.8192200557103,36,"Island C",NA,"2019 Wet"
"575",29,9,"C/17.txt",26.7451253481894,37.5,"Island C",NA,"2019 Wet"
"576",30,10,"C/18.txt",26.7951505016722,36,"Island C",NA,"2019 Wet"
"577",31,11,"C/2.txt",26.4459308807135,37,"Island C",NA,"2019 Wet"
"578",32,12,"C/20.txt",26.9025069637883,38.5,"Island C",NA,"2019 Wet"
"579",33,13,"C/3.txt",26.6350974930362,37.5,"Island C",NA,"2019 Wet"
"580",34,14,"C/4.txt",26.7123745819398,39,"Island C",NA,"2019 Wet"
"581",35,15,"C/5.txt",26.4765886287625,36.5,"Island C",NA,"2019 Wet"
"582",36,16,"C/6.txt",26.2277034559643,39,"Island C",NA,"2019 Wet"
"583",37,17,"C/7.txt",26.4189415041783,36.5,"Island C",NA,"2019 Wet"
"584",38,18,"C/8.txt",26.525348189415,37.5,"Island C",NA,"2019 Wet"
"585",39,19,"C/9.txt",26.6895206243032,43,"Island C",NA,"2019 Wet"
"586",40,1,"d/10.txt",24.9384401114206,32,"Mainland",NA,"2019 Wet"
"587",41,2,"d/11.txt",25.1077994428969,33,"Mainland",NA,"2019 Wet"
"588",42,3,"d/12.txt",24.8838440111421,32,"Mainland",NA,"2019 Wet"
"589",43,4,"d/13.txt",25.5428969359331,43,"Mainland",NA,"2019 Wet"
"590",44,5,"d/14.txt",25.3568245125348,34.5,"Mainland",NA,"2019 Wet"
"591",45,6,"d/15.txt",25.1534818941504,35.5,"Mainland",NA,"2019 Wet"
"592",46,7,"d/16.txt",25.2310479375697,30,"Mainland",NA,"2019 Wet"
"593",47,8,"d/17.txt",25.2469342251951,30,"Mainland",NA,"2019 Wet"
"594",48,9,"d/18.txt",24.8213489409142,30,"Mainland",NA,"2019 Wet"
"595",49,10,"d/19.txt",25.0532033426184,29.5,"Mainland",NA,"2019 Wet"
"596",50,11,"d/2.txt",25.1813370473538,32.5,"Mainland",NA,"2019 Wet"
"597",51,12,"d/20.txt",25.2658862876254,31,"Mainland",NA,"2019 Wet"
"598",52,13,"d/21.txt",25.1022284122563,29.5,"Mainland",NA,"2019 Wet"
"599",53,14,"d/22.txt",24.7070791527313,29.5,"Mainland",NA,"2019 Wet"
"600",54,15,"d/23.txt",25.191643454039,29,"Mainland",NA,"2019 Wet"
"601",55,16,"d/24.txt",25.4409470752089,33,"Mainland",NA,"2019 Wet"
"602",56,17,"d/25.txt",24.9473537604457,29.5,"Mainland",NA,"2019 Wet"
"603",57,18,"d/26.txt",25.2923634336678,31,"Mainland",NA,"2019 Wet"
"604",58,19,"d/27.txt",25.3529247910864,30,"Mainland",NA,"2019 Wet"
"605",59,20,"d/28.txt",24.9896935933148,31.5,"Mainland",NA,"2019 Wet"
"606",60,21,"d/29.txt",24.9590529247911,36,"Mainland",NA,"2019 Wet"
"607",61,22,"d/3.txt",24.7782729805014,31.5,"Mainland",NA,"2019 Wet"
"608",62,23,"d/30.txt",24.9448467966574,29.5,"Mainland",NA,"2019 Wet"
"609",63,24,"d/31.txt",25.3093126385809,30,"Mainland",NA,"2019 Wet"
"610",64,25,"d/33.txt",25.1089246119734,30,"Mainland",NA,"2019 Wet"
"611",65,26,"d/34.txt",24.9681263858093,29.5,"Mainland",NA,"2019 Wet"
"612",66,27,"d/35.txt",24.9071507760532,30,"Mainland",NA,"2019 Wet"
"613",67,28,"d/36.txt",25.2394678492239,30,"Mainland",NA,"2019 Wet"
"614",68,29,"d/37.txt",25.2954545454545,30.5,"Mainland",NA,"2019 Wet"
"615",69,30,"d/38.txt",25.4021618625277,30,"Mainland",NA,"2019 Wet"
"616",70,31,"d/39.txt",25.0263303769401,30,"Mainland",NA,"2019 Wet"
"617",71,32,"d/4.txt",24.9966573816156,33,"Mainland",NA,"2019 Wet"
"618",72,33,"d/40.txt",25.1427383592018,30,"Mainland",NA,"2019 Wet"
"619",73,34,"d/41.txt",25.2161862527716,30,"Mainland",NA,"2019 Wet"
"620",74,35,"d/42.txt",25.6834811529933,31.5,"Mainland",NA,"2019 Wet"
"621",75,36,"d/43.txt",25.4018847006652,30,"Mainland",NA,"2019 Wet"
"622",76,37,"d/44.txt",25.3226164079823,31,"Mainland",NA,"2019 Wet"
"623",77,38,"d/45.txt",25.3287139689579,30,"Mainland",NA,"2019 Wet"
"624",78,39,"d/46.txt",25.4778270509978,31,"Mainland",NA,"2019 Wet"
"625",79,40,"d/47.txt",24.8763858093126,31,"Mainland",NA,"2019 Wet"
"626",80,41,"d/48.txt",24.9611973392461,33,"Mainland",NA,"2019 Wet"
"627",81,42,"d/49.txt",25.190027700831,30,"Mainland",NA,"2019 Wet"
"628",82,43,"d/5.txt",25.5699164345404,36.5,"Mainland",NA,"2019 Wet"
"629",83,44,"d/50.txt",25.6252077562327,31,"Mainland",NA,"2019 Wet"
"630",84,45,"d/51.txt",25.0002771618625,30,"Mainland",NA,"2019 Wet"
"631",85,46,"d/52.txt",25.6648199445983,31,"Mainland",NA,"2019 Wet"
"632",86,47,"d/53.txt",25.396675900277,30.5,"Mainland",NA,"2019 Wet"
"633",87,48,"d/54.txt",25.6753462603878,34,"Mainland",NA,"2019 Wet"
"634",88,49,"d/55.txt",25.3407202216066,31,"Mainland",NA,"2019 Wet"
"635",89,50,"d/56.txt",25.1468957871397,33,"Mainland",NA,"2019 Wet"
"636",90,51,"d/57.txt",25.0194013303769,31.5,"Mainland",NA,"2019 Wet"
"637",91,52,"d/58.txt",24.955376940133,31,"Mainland",NA,"2019 Wet"
"638",92,53,"d/6.txt",25.2679738562091,30.5,"Mainland",NA,"2019 Wet"
"639",93,54,"d/60.txt",25.2518005540166,30.5,"Mainland",NA,"2019 Wet"
"640",94,55,"d/61.txt",25.0335180055402,29.5,"Mainland",NA,"2019 Wet"
"641",95,56,"d/62.txt",24.5731301939058,29.5,"Mainland",NA,"2019 Wet"
"642",96,57,"d/63.txt",25.1058171745152,30,"Mainland",NA,"2019 Wet"
"643",97,58,"d/64.txt",25.4944567627494,30.5,"Mainland",NA,"2019 Wet"
"644",98,59,"d/65.txt",25.2397450110865,31,"Mainland",NA,"2019 Wet"
"645",99,60,"d/66.txt",25.0291019955654,33.5,"Mainland",NA,"2019 Wet"
"646",100,61,"d/67.txt",25.2770083102493,30.5,"Mainland",NA,"2019 Wet"
"647",101,62,"d/68.txt",24.8894124168514,30,"Mainland",NA,"2019 Wet"
"648",102,63,"d/69.txt",25.2508314855876,30.5,"Mainland",NA,"2019 Wet"
"649",103,64,"d/7.txt",25.1713091922006,33,"Mainland",NA,"2019 Wet"
"650",104,65,"d/70.txt",25.0914127423823,30,"Mainland",NA,"2019 Wet"
"651",105,66,"d/72.txt",25.1113573407202,30,"Mainland",NA,"2019 Wet"
"652",106,67,"d/73.txt",25.0983379501385,29.5,"Mainland",NA,"2019 Wet"
"653",107,68,"d/74.txt",25.1662049861496,30,"Mainland",NA,"2019 Wet"
"654",108,69,"d/75.txt",25.4864265927978,30,"Mainland",NA,"2019 Wet"
"655",109,70,"d/76.txt",25.4060421286031,30.5,"Mainland",NA,"2019 Wet"
"656",110,71,"d/77.txt",25.187811634349,30,"Mainland",NA,"2019 Wet"
"657",111,72,"d/78.txt",25.2739612188366,30,"Mainland",NA,"2019 Wet"
"658",112,73,"d/79.txt",24.7014966740577,29.5,"Mainland",NA,"2019 Wet"
"659",113,74,"d/8.txt",25.4793871866295,32,"Mainland",NA,"2019 Wet"
"660",114,75,"d/80.txt",24.5376940133038,29.5,"Mainland",NA,"2019 Wet"
"661",115,76,"d/81.txt",25.2260387811634,29.5,"Mainland",NA,"2019 Wet"
"662",116,77,"d/82.txt",24.765243902439,30,"Mainland",NA,"2019 Wet"
"663",117,78,"d/83.txt",25.0523545706371,29.5,"Mainland",NA,"2019 Wet"
"664",118,79,"d/84.txt",25.1709141274238,32.5,"Mainland",NA,"2019 Wet"
"665",119,80,"d/85.txt",24.7578947368421,29.5,"Mainland",NA,"2019 Wet"
"666",120,81,"d/86.txt",24.6711911357341,29,"Mainland",NA,"2019 Wet"
"667",121,82,"d/87.txt",25.0252077562327,29,"Mainland",NA,"2019 Wet"
"668",122,83,"d/88.txt",25.5501662971175,30.5,"Mainland",NA,"2019 Wet"
"669",123,84,"d/89.txt",25.4761640798226,30.5,"Mainland",NA,"2019 Wet"
"670",124,85,"d/9.txt",24.7713091922006,31,"Mainland",NA,"2019 Wet"
"671",125,86,"d/90.txt",25.2962860310421,30,"Mainland",NA,"2019 Wet"
