sample-id	fbarcode	fbarcode-seq	rbarcode	rbarcode-seq	sourcepop	sex	extract-conc	extract-group	dissect-group	date-collected	sample-or-control	islandmainlandclimate
#q2:types	categorical	categorical	categorical	categorical	categorical 	categorical	numeric	categorical	categorical	categorical	categorical	categorical
2A	SB508F	GTCAGATA	SB708R	ATAGTACC	Mainland-2019	F	22.04	B	C	M19	sample	mainland
2C	SB501F	CTACTATA	SB709R	GCGTATAC	Mainland-2019	F	6.56	B	C	M19	sample	mainland
2D	SB502F	CGTTACTA	SB709R	GCGTATAC	Mainland-2019	F	101.27	C	C	M19	sample	mainland
2E	SB503F	AGAGTCAC	SB709R	GCGTATAC	Mainland-2019	F	135.44	C	C	M19	sample	mainland
2H	SB505F	ACGTCTCG	SB709R	GCGTATAC	Mainland-2019	F	109.79	D	C	M19	sample	mainland
2I	SB508F	GTCAGATA	SB709R	GCGTATAC	Mainland-2017	M	37.63	B	C	O17	sample	mainland
2J	SB501F	CTACTATA	SB710R	TGCTCGTA	Mainland-2017	M	50.71	B	C	O17	sample	mainland
2K	SB502F	CGTTACTA	SB710R	TGCTCGTA	Mainland-2017	M	40.28	B	C	O17	sample	mainland
2L	SB503F	AGAGTCAC	SB710R	TGCTCGTA	Mainland-2017	M	52.72	B	C	O17	sample	mainland
2M	SB504F	TACGAGAC	SB710R	TGCTCGTA	Mainland-2017	M	12.32	B	C	O17	sample	mainland
2N	SB505F	ACGTCTCG	SB710R	TGCTCGTA	Mainland-2017	M	73.9	B	C	O17	sample	mainland
2O	SB506F	TCGACGAG	SB710R	TGCTCGTA	Mainland-2017	M	79.99	B	C	O17	sample	mainland
2P	SB507F	GATCGTGT	SB710R	TGCTCGTA	Mainland-2017	M	49.12	B	C	O17	sample	mainland
2Q	SB508F	GTCAGATA	SB710R	TGCTCGTA	Mainland-2017	M	70.07	C	C	O17	sample	mainland
2R	SB501F	CTACTATA	SB711R	AACGCTGA	Mainland-2017	M	49.36	C	C	O17	sample	mainland
2S	SB502F	CGTTACTA	SB711R	AACGCTGA	Mainland-2017	M	75.72	C	C	O17	sample	mainland
2T	SB503F	AGAGTCAC	SB711R	AACGCTGA	Mainland-2017	M	56.63	D	C	O17	sample	mainland
2W	SB504F	TACGAGAC	SB711R	AACGCTGA	Mainland-2017	F	82.61	B	C	O17	sample	mainland
2X	SB505F	ACGTCTCG	SB711R	AACGCTGA	Mainland-2017	F	56.47	B	C	O17	sample	mainland
2Y	SB506F	TCGACGAG	SB711R	AACGCTGA	Mainland-2017	F	109.13	B	C	O17	sample	mainland
2Z	SB507F	GATCGTGT	SB711R	AACGCTGA	Mainland-2017	F	49.09	B	C	O17	sample	mainland
3A	SB508F	GTCAGATA	SB711R	AACGCTGA	Mainland-2017	F	87.51	B	C	O17	sample	mainland
3F	SB504F	TACGAGAC	SB709R	GCGTATAC	Mainland-2019	F	129.48	D	C	M19	sample	mainland
3G	SB501F	CTACTATA	SB712R	CGTAGCGA	Mainland-2017	F	82.66	D	C	O17	sample	mainland
3H	SB502F	CGTTACTA	SB712R	CGTAGCGA	Mainland-2017	F	62.5	D	C	O17	sample	mainland
3I	SB503F	AGAGTCAC	SB712R	CGTAGCGA	Mainland-2017	F	75.79	D	C	O17	sample	mainland
3J	SB504F	TACGAGAC	SB712R	CGTAGCGA	Mainland-2017	F	59.99	D	C	O17	sample	mainland
3K	SB505F	ACGTCTCG	SB712R	CGTAGCGA	Mainland-2017	F	84.53	D	C	O17	sample	mainland
3L	SB501F	CTACTATA	SB701R	CTCGACTT	Island-C-2019	M	62.76	D	C	M19	sample	island
3M	SB502F	CGTTACTA	SB701R	CTCGACTT	Island-C-2019	M	34.38	D	C	M19	sample	island
3N	SB503F	AGAGTCAC	SB701R	CTCGACTT	Island-C-2019	M	101.49	D	C	M19	sample	island
3O	SB504F	TACGAGAC	SB701R	CTCGACTT	Island-C-2019	M	41.87	D	C	JN19	sample	island
3P	SB505F	ACGTCTCG	SB701R	CTCGACTT	Island-C-2019	M	102.56	D	C	JN19	sample	island
3Q	SB506F	TCGACGAG	SB701R	CTCGACTT	Island-P-2019	M	36.88	D	C	JL19	sample	island
3R	SB507F	GATCGTGT	SB701R	CTCGACTT	Island-P-2019	M	64.36	D	C	A19	sample	island
3S	SB508F	GTCAGATA	SB701R	CTCGACTT	Island-P-2019	M	59.6	D	C	A19	sample	island
3T	SB501F	CTACTATA	SB702R	CGAAGTAT	Island-P-2019	M	101.74	D	C	A19	sample	island
3U	SB502F	CGTTACTA	SB702R	CGAAGTAT	Island-P-2019	M	20.91	D	C	A19	sample	island
3V	SB503F	AGAGTCAC	SB702R	CGAAGTAT	Climate-Chamber-Control	M	197.29	B	A	M19	sample	chamber
3W	SB504F	TACGAGAC	SB702R	CGAAGTAT	Climate-Chamber-Control	M	165.84	B	A	M19	sample	chamber
3X	SB505F	ACGTCTCG	SB702R	CGAAGTAT	Climate-Chamber-Control	M	184.89	B	A	M19	sample	chamber
3Y	SB506F	TCGACGAG	SB702R	CGAAGTAT	Climate-Chamber-Control	M	273.85	B	A	M19	sample	chamber
3Z	SB507F	GATCGTGT	SB702R	CGAAGTAT	Climate-Chamber-Control	M	205.67	C	A	M19	sample	chamber
4A	SB508F	GTCAGATA	SB702R	CGAAGTAT	Climate-Chamber-Control	M	154.94	C	A	M19	sample	chamber
4B	SB501F	CTACTATA	SB703R	TAGCAGCT	Climate-Chamber-Control	M	192.49	C	A	M19	sample	chamber
4C	SB502F	CGTTACTA	SB703R	TAGCAGCT	Climate-Chamber-Control	M	155.77	D	A	M19	sample	chamber
4D	SB503F	AGAGTCAC	SB703R	TAGCAGCT	Climate-Chamber-Control	M	213.24	D	A	M19	sample	chamber
4E	SB504F	TACGAGAC	SB703R	TAGCAGCT	Climate-Chamber-Control	F	140.94	B	A	M19	sample	chamber
4F	SB505F	ACGTCTCG	SB703R	TAGCAGCT	Climate-Chamber-Control	F	303.73	B	A	M19	sample	chamber
4G	SB506F	TCGACGAG	SB703R	TAGCAGCT	Climate-Chamber-Control	F	159.25	B	A	M19	sample	chamber
4H	SB507F	GATCGTGT	SB703R	TAGCAGCT	Climate-Chamber-Control	F	170.35	B	A	M19	sample	chamber
4I	SB508F	GTCAGATA	SB703R	TAGCAGCT	Climate-Chamber-Control	F	205.52	C	A	M19	sample	chamber
4J	SB501F	CTACTATA	SB704R	TCTCTATG	Climate-Chamber-Control	F	317.15	C	A	M19	sample	chamber
4K	SB502F	CGTTACTA	SB704R	TCTCTATG	Climate-Chamber-Control	F	236.63	C	A	M19	sample	chamber
4L	SB503F	AGAGTCAC	SB704R	TCTCTATG	Climate-Chamber-Control	F	278.65	D	A	M19	sample	chamber
4M	SB504F	TACGAGAC	SB704R	TCTCTATG	Climate-Chamber-Control	F	284.21	D	A	M19	sample	chamber
4N	SB505F	ACGTCTCG	SB704R	TCTCTATG	Climate-Chamber-Heat	M	213.99	B	A	M19	sample	chamber
4O	SB506F	TCGACGAG	SB704R	TCTCTATG	Climate-Chamber-Heat	M	126.79	B	A	M19	sample	chamber
4P	SB507F	GATCGTGT	SB704R	TCTCTATG	Climate-Chamber-Heat	M	208.42	B	A	M19	sample	chamber
4Q	SB508F	GTCAGATA	SB704R	TCTCTATG	Climate-Chamber-Heat	M	254.64	B	A	M19	sample	chamber
4R	SB501F	CTACTATA	SB705R	GATCTACG	Climate-Chamber-Heat	M	210.81	C	A	M19	sample	chamber
4S	SB502F	CGTTACTA	SB705R	GATCTACG	Climate-Chamber-Heat	M	181.82	C	A	M19	sample	chamber
4T	SB503F	AGAGTCAC	SB705R	GATCTACG	Climate-Chamber-Heat	M	220.86	C	A	M19	sample	chamber
4U	SB504F	TACGAGAC	SB705R	GATCTACG	Climate-Chamber-Heat	M	234.41	D	A	M19	sample	chamber
4V	SB505F	ACGTCTCG	SB705R	GATCTACG	Climate-Chamber-Heat	M	426.88	D	A	M19	sample	chamber
4W	SB506F	TCGACGAG	SB705R	GATCTACG	Climate-Chamber-Heat	F	266.65	B	A	M19	sample	chamber
4X	SB507F	GATCGTGT	SB705R	GATCTACG	Climate-Chamber-Heat	F	290.69	B	A	M19	sample	chamber
4Y	SB508F	GTCAGATA	SB705R	GATCTACG	Climate-Chamber-Heat	F	262.18	B	A	M19	sample	chamber
4Z	SB501F	CTACTATA	SB706R	GTAACGAG	Climate-Chamber-Heat	F	291.64	B	A	M19	sample	chamber
5A	SB502F	CGTTACTA	SB706R	GTAACGAG	Climate-Chamber-Heat	F	245.62	C	A	M19	sample	chamber
5B	SB503F	AGAGTCAC	SB706R	GTAACGAG	Climate-Chamber-Heat	F	235.5	C	A	M19	sample	chamber
5C	SB504F	TACGAGAC	SB706R	GTAACGAG	Climate-Chamber-Heat	F	230.8	C	A	M19	sample	chamber
5D	SB505F	ACGTCTCG	SB706R	GTAACGAG	Climate-Chamber-Heat	F	235.23	D	A	M19	sample	chamber
A	SB506F	TCGACGAG	SB706R	GTAACGAG	Mainland-2019	M	15	A	B	M19	sample	mainland
C	SB507F	GATCGTGT	SB706R	GTAACGAG	Mainland-2019	F	7.57	A	B	M19	sample	mainland
D	SB508F	GTCAGATA	SB706R	GTAACGAG	Mainland-2019	F	6.33	A	B	M19	sample	mainland
DNA-Neg	SB506F	TCGACGAG	SB712R	CGTAGCGA	DNA	N	0	A	N	N	control	na
G	SB506F	TCGACGAG	SB709R	GCGTATAC	Mainland-2017	F	13.3	A	B	O17	sample	mainland
H	SB507F	GATCGTGT	SB709R	GCGTATAC	Mainland-2017	F	11.6	A	B	O17	sample	mainland
I	SB501F	CTACTATA	SB707R	ACGTGCGC	Mainland-2019	M	90.37	B	C	M19	sample	mainland
J	SB502F	CGTTACTA	SB707R	ACGTGCGC	Mainland-2019	M	159.35	B	C	M19	sample	mainland
K	SB503F	AGAGTCAC	SB707R	ACGTGCGC	Mainland-2019	M	54.52	B	C	M19	sample	mainland
L	SB504F	TACGAGAC	SB707R	ACGTGCGC	Mainland-2019	M	102.39	B	C	M19	sample	mainland
M	SB505F	ACGTCTCG	SB707R	ACGTGCGC	Mainland-2019	M	56.47	B	C	M19	sample	mainland
N	SB506F	TCGACGAG	SB707R	ACGTGCGC	Mainland-2019	M	7.17	B	C	M19	sample	mainland
O	SB507F	GATCGTGT	SB707R	ACGTGCGC	Mainland-2019	M	16.96	B	C	M19	sample	mainland
P	SB508F	GTCAGATA	SB707R	ACGTGCGC	Mainland-2019	M	212.9	B	C	M19	sample	mainland
PCR-Neg1	SB507F	GATCGTGT	SB712R	CGTAGCGA	PCR	N	0	N	N	N	control	na
PCR-Neg2	SB508F	GTCAGATA	SB712R	CGTAGCGA	PCR	N	0	N	N	N	control	na
Q	SB501F	CTACTATA	SB708R	ATAGTACC	Mainland-2019	M	137.42	C	C	M19	sample	mainland
R	SB502F	CGTTACTA	SB708R	ATAGTACC	Mainland-2019	M	166.8	C	C	M19	sample	mainland
S	SB503F	AGAGTCAC	SB708R	ATAGTACC	Mainland-2019	M	78.96	C	C	M19	sample	mainland
V	SB504F	TACGAGAC	SB708R	ATAGTACC	Mainland-2019	F	235.49	B	C	M19	sample	mainland
X	SB505F	ACGTCTCG	SB708R	ATAGTACC	Mainland-2019	F	28.56	B	C	M19	sample	mainland
Y	SB506F	TCGACGAG	SB708R	ATAGTACC	Mainland-2019	F	41.21	B	C	M19	sample	mainland
Z	SB507F	GATCGTGT	SB708R	ATAGTACC	Mainland-2019	F	55.61	B	C	M19	sample	mainland